biuro_nazwa;biuro_ogolem;biuro_WPF;biuro_pozostale;dzial_nazwa;dzial_WPF;dzial_pozostale;dzials_nazwa;dzials_WPF;dzials_pozostale;zadanie_num;zadanie_tresc;zadanie_WPF;zadanie_pozostale
"Biuro ds. Inwestycji 0";175.691.559;175.691.559;0;"921 Kultura i ochrona dziedzictwa narodowego 0";85.885.028;0;"92120 Ochrona zabytków i opieka nad zabytkami 0";676.400;0;2186981;"Przygotowanie i wykonanie prac budowlano -konserwatorskich w zabytkowym budynku przy ul.Piotrkowskiej 0";272;676.400
"Biuro ds. Inwestycji 0";175.691.559;175.691.559;0;"921 Kultura i ochrona dziedzictwa narodowego 0";85.885.028;0;"92195 Pozostała działalno ść 0";85.208.628;0;2156731;"Rewitalizacja EC-1 i jej adaptacja na cele kulturalno-artystyczne 0";84.878.628;0
"Biuro ds. Inwestycji 0";175.691.559;175.691.559;0;"921 Kultura i ochrona dziedzictwa narodowego 0";85.885.028;0;"92195 Pozostała działalno ść 0";85.208.628;0;2156741;"Rewitalizacja EC - 1 i jej adaptacja na cele kulturalno-artystyczne - wydatki nie obj 0 ę te umow ą o przygotowanie projektu i umow ą o dofinansowanie";330.000;0
"Biuro ds. Inwestycji 0";175.691.559;175.691.559;0;"926 Kultura fizyczna 0";89.806.531;0;"92601 Obiekty sportowe 0";89.806.531;0;2156781;"Program wykorzystania obszarów rekreacyjnych Łodzi wcelu stworzenia Regionalnego Centrum Rekreacyjno-Sportowo-Konferencyjnego - etap II ""Przebudowa StadionuMiejskiego przy Al. Unii"" 0";69.806.531;0
"Biuro ds. Inwestycji 0";175.691.559;175.691.559;0;"926 Kultura fizyczna 0";89.806.531;0;"92601 Obiekty sportowe 0";89.806.531;0;2156991;"Budowa stadionu przy Al. Piłsudskiego 0";138;20.000.000
"Biuro ds. Rewitalizacji i RozwojuZabudowy Miasta ";4.677.426;248.048;4.429.378;"700 Gospodarka mieszkaniowa ";248.048;4.429.378;"70095 Pozostała działalno ść ";248.048;4.429.378;2185421;"Budowa budynku mieszkalnego z WTBS przy ul. Kaliskiej11/13/15/ 0 3.525.608";17;0
"Biuro ds. Rewitalizacji i RozwojuZabudowy Miasta ";4.677.426;248.048;4.429.378;"700 Gospodarka mieszkaniowa ";248.048;4.429.378;"70095 Pozostała działalno ść ";248.048;4.429.378;2185471;"Zakup lokali mieszkalnych w strefie wielkomiejskiej wnieruchomo 0 ś ciach przeznaczonych do rewitalizacji";0;903.770
"Biuro ds. Rewitalizacji i RozwojuZabudowy Miasta ";4.677.426;248.048;4.429.378;"700 Gospodarka mieszkaniowa ";248.048;4.429.378;"70095 Pozostała działalno ść ";248.048;4.429.378;2191621;"Miasto kamienic - rewitalizacja kwartałów 0";248.048;0
"Biuro Nadzoru Wła ś cicielskiego";88.732.465;42.732.465;46.000.000;"750 Administracja publiczna ";42.732.465;46.000.000;"75095 Pozostała działalno ść ";42.732.465;46.000.000;2167721;"Wniesienie wkładu pieni ęŜ nego na podwy Ŝ szenie kapitału 0 zakładowego oraz obj ę cie udziałów w Sp. z o.o. Port Lotniczy Łód ź im. Władysława Reymonta wynikaj ą ce z realizacji programu ""Rozbudowa Portu Lotniczego Łód ź im. Władysława Reymonta""";23.394.945;0
"Biuro Nadzoru Wła ś cicielskiego";88.732.465;42.732.465;46.000.000;"750 Administracja publiczna ";42.732.465;46.000.000;"75095 Pozostała działalno ść ";42.732.465;46.000.000;2167731;"Wniesienie wkładu pieni ęŜ nego na podwy Ŝ szenie kapitału 0 zakładowego oraz obj ę cie udziałów w Mi ę dzynarodowych Targach Łódzkich Sp. z o.o. wynikaj ą ce z realizacji programu ""Budowa Centrum Konferencyjno - Wystawienniczego MTŁSp. z o.o.""";6.000.200;0
"Biuro Nadzoru Wła ś cicielskiego";88.732.465;42.732.465;46.000.000;"750 Administracja publiczna ";42.732.465;46.000.000;"75095 Pozostała działalno ść ";42.732.465;46.000.000;2167751;"Podwy Ŝ szenie kapitału w Spółce Miejskie Przedsi ę biorstwo 0 Komunikacyjne - Łód ź Spółka z o.o. z siedzib ą w Łodzi wynikaj ą ce z realizacji programu ""Łódzki Tramwaj Regionalny"" zgodnie z URM Nr LXXII/1382/06";5.237.320;0
"Biuro Nadzoru Wła ś cicielskiego";88.732.465;42.732.465;46.000.000;"750 Administracja publiczna ";42.732.465;46.000.000;"75095 Pozostała działalno ść ";42.732.465;46.000.000;2167761;"Wniesienie wkładu pieni ęŜ nego na podwy Ŝ szenie kapitału 0 własnego oraz obj ę cie udziałów w Aqua Park Łód ź Spółka z ograniczon ą odpowiedzialno ś ci ą";8.100.000;0
"Biuro Nadzoru Wła ś cicielskiego";88.732.465;42.732.465;46.000.000;"750 Administracja publiczna ";42.732.465;46.000.000;"75095 Pozostała działalno ść ";42.732.465;46.000.000;2185951;"Wniesienie wkładu pieni ęŜ nego na podwy Ŝ szenie kapitału 0 zakładowego i obj ę cie udziałów w Miejskim Przedsi ę biorstwie Komunikacyjnym - Łód ź Sp. z o.o.";0;35.000.000
"Biuro Nadzoru Wła ś cicielskiego";88.732.465;42.732.465;46.000.000;"750 Administracja publiczna ";42.732.465;46.000.000;"75095 Pozostała działalno ść ";42.732.465;46.000.000;2192741;"Wniesienie wkładu pieni ęŜ nego na podwy Ŝ szenie kapitału 0 zakładowego oraz obj ę cie udziałów w Porcie Lotniczym Łód ź im. Władysława Reymonta Sp. z o.o.";0;2.000.000
"Biuro Nadzoru Wła ś cicielskiego";88.732.465;42.732.465;46.000.000;"750 Administracja publiczna ";42.732.465;46.000.000;"75095 Pozostała działalno ść ";42.732.465;46.000.000;2192751;"Wniesienie wkładu pieni ęŜ nego na podwy Ŝ szenie kapitału 0 zakładowego oraz obj ę cie udziałów w Łódzkim Regionalnym Parku Naukowo-Technologicznym Sp. z o.o.";0;6.000.000
"Biuro Nadzoru Wła ś cicielskiego";88.732.465;42.732.465;46.000.000;"750 Administracja publiczna ";42.732.465;46.000.000;"75095 Pozostała działalno ść ";42.732.465;46.000.000;2192761;"Wniesienie wkładu pieni ęŜ nego na podniesienie kapitału 0 zakładowego oraz obj ę cie udziałów w Widzewskim Towarzystwie Budownictwa Społecznego spółka z o.o.";0;3.000.000
"Centrum 0 Ś wiadcze ń Socjalnych w Łodzi";166.000;0;166.000;"852 Pomoc społeczna 0 ";0;166.000;"85295 Pozostała działalno ść 0 ";0;166.000;2179081;"Zakupy inwestycyjne w Centrum Ś wiadcze ń Socjalnych w 0 Łodzi";0;166.000
"Łódzki O rodek Geodezji ś";3.004.118;2.904.118;100.000;"710 Działalno ść usługowa ";2.904.118;100.000;"71012 O ś rodki dokumentacji geodezyjnej i kartograficznej ";2.904.118;100.000;2174111;"System Informacji o Terenie - Ewidencja Gruntów 0";1.917.527;0
"Łódzki O rodek Geodezji ś";3.004.118;2.904.118;100.000;"710 Działalno ść usługowa ";2.904.118;100.000;"71012 O ś rodki dokumentacji geodezyjnej i kartograficznej ";2.904.118;100.000;2174121;"Budowa systemu archiwizacji Powiatowego ZasobuGeodezyjnego i Kartograficznego w ŁOG 0";885.361;0
"Łódzki O rodek Geodezji ś";3.004.118;2.904.118;100.000;"710 Działalno ść usługowa ";2.904.118;100.000;"71012 O ś rodki dokumentacji geodezyjnej i kartograficznej ";2.904.118;100.000;2174171;"Wdro Ŝ enie Zintegrowanego Systemu Informatycznego 0 wspomagaj ą cego zarz ą dzanie zasobem lokalowym i nieruchomo ś ciami miasta (kontynuacja zadania 2137791)";101.230;0
"Łódzki O rodek Geodezji ś";3.004.118;2.904.118;100.000;"710 Działalno ść usługowa ";2.904.118;100.000;"71012 O ś rodki dokumentacji geodezyjnej i kartograficznej ";2.904.118;100.000;2186021;"Wydatki inwestycyjne na podstawie ustawy Prawogeodezyjne i kartograficzne 0 ";0;100.000
"Miejski O ś rodek Pomocy Społecznej 0 ";0;10.000;100.000;"852 Pomoc społeczna 0 ";0;10.000;"85203 O ś rodki wsparcia 0 ";0;10.000;2189081;"Rehabilitacja seniorów - bud Ŝ et obywatelski 0 ";0;10.000
"Wydział Budynków i Lokali ";52.927.700;48.957.700;3.970.000;"700 Gospodarka mieszkaniowa ";48.957.700;3.970.000;"70001 Zakłady gospodarki mieszkaniowej ";48.957.700;3.870.000;2185611;"Dom Wielopokoleniowy dla osób niespokrewnionych -uruchomienie pilota 0 Ŝ owego budynku mieszkalnego z pul ą mieszka ń przystosowanych dla seniorów";0;3.850.000
"Wydział Budynków i Lokali ";52.927.700;48.957.700;3.970.000;"700 Gospodarka mieszkaniowa ";48.957.700;3.970.000;"70001 Zakłady gospodarki mieszkaniowej ";48.957.700;3.870.000;2185291;"Mia100 Kamienic - AZK Łód ź - Polesie 0";16.704.100;0
"Wydział Budynków i Lokali ";52.927.700;48.957.700;3.970.000;"700 Gospodarka mieszkaniowa ";48.957.700;3.970.000;"70001 Zakłady gospodarki mieszkaniowej ";48.957.700;3.870.000;2185301;"Mia100 Kamienic - AZK Łód ź - Ś ródmie ś cie 0";28.153.600;0
"Wydział Budynków i Lokali ";52.927.700;48.957.700;3.970.000;"700 Gospodarka mieszkaniowa ";48.957.700;3.970.000;"70001 Zakłady gospodarki mieszkaniowej ";48.957.700;3.870.000;2185311;"Mia100 Kamienic - AZK Łód ź - Ś ródmie ś cie - zadanie 0 wieloletnie";4.100.000;0
"Wydział Budynków i Lokali ";52.927.700;48.957.700;3.970.000;"700 Gospodarka mieszkaniowa ";48.957.700;3.970.000;"70001 Zakłady gospodarki mieszkaniowej ";48.957.700;3.870.000;2185541;"AZK Łód ź – Górna - Zagospodarowanie terenu przy siedzibie 0 Rady Osiedla Chojny przy ul. Rzgowskiej 151 - algorytm";0;20.000
"Wydział Budynków i Lokali ";52.927.700;48.957.700;3.970.000;"700 Gospodarka mieszkaniowa ";48.957.700;3.970.000;"70095 Pozostała działalno ść 0 ";0;100.000;2185601;"Przeciwdziałanie zatruciom tlenkiem w ę gla w lokalach 0 komunalnych";0;100.000
"Wydział Bud etu 0 Ŝ";38.062.612;0;38.062.612;"758 Ró 0 Ŝ ne rozliczenia ";0;38.062.612;"75818 Rezerwy ogólne i celowe 0 ";0;38.062.612;2155411;"Rezerwa celowa na inwestycje i zakupy inwestycyjne wplacówkach o 0 ś wiatowych";0;5.064.000
"Wydział Bud etu 0 Ŝ";38.062.612;0;38.062.612;"758 Ró 0 Ŝ ne rozliczenia ";0;38.062.612;"75818 Rezerwy ogólne i celowe 0 ";0;38.062.612;2155421;"Rezerwa celowa na zadania maj ą tkowe realizowane w 0 ramach programów dofinansowywanych ze ś rodków zewn ę trznych";0;500.000
"Wydział Bud etu 0 Ŝ";38.062.612;0;38.062.612;"758 Ró 0 Ŝ ne rozliczenia ";0;38.062.612;"75818 Rezerwy ogólne i celowe 0 ";0;38.062.612;2155431;"Rezerwa celowa na wypłaty odszkodowa ń , realizacj ę 0 wyroków s ą dowych oraz korekt finansowych z tytułu zada ń dofinansowywanych ze ś rodków UE";0;1.000.000
"Wydział Bud etu 0 Ŝ";38.062.612;0;38.062.612;"758 Ró 0 Ŝ ne rozliczenia ";0;38.062.612;"75818 Rezerwy ogólne i celowe 0 ";0;38.062.612;2155441;"Rezerwa celowa na realizacj ę zada ń maj ą tkowych z zakresu 0 zarz ą dzania kryzysowego";0;4.700.000
"Wydział Bud etu 0 Ŝ";38.062.612;0;38.062.612;"758 Ró 0 Ŝ ne rozliczenia ";0;38.062.612;"75818 Rezerwy ogólne i celowe 0 ";0;38.062.612;2155451;"Rezerwa celowa na wydatki zwi ą zane z inicjatywami 0 lokalnymi";0;300.000
"Wydział Bud etu 0 Ŝ";38.062.612;0;38.062.612;"758 Ró 0 Ŝ ne rozliczenia ";0;38.062.612;"75818 Rezerwy ogólne i celowe 0 ";0;38.062.612;2155461;"Rezerwa celowa na realizacj ę programu ""Zielone podwórka"" 0 ";0;200.000
"Wydział Bud etu 0 Ŝ";38.062.612;0;38.062.612;"758 Ró 0 Ŝ ne rozliczenia ";0;38.062.612;"75818 Rezerwy ogólne i celowe 0 ";0;38.062.612;2155471;"Rezerwa celowa dotycz ą ca nierozdysponowanych ś rodków 0 przyznanych w ramach VII edycji konkursu dla jednostekpomocniczych";0;154.612
"Wydział Bud etu 0 Ŝ";38.062.612;0;38.062.612;"758 Ró 0 Ŝ ne rozliczenia ";0;38.062.612;"75818 Rezerwy ogólne i celowe 0 ";0;38.062.612;2155481;"Rezerwa celowa na wykupy nieruchomo ś ci pod inwestycje 0 miejskie";0;3.950.000
"Wydział Bud etu 0 Ŝ";38.062.612;0;38.062.612;"758 Ró 0 Ŝ ne rozliczenia ";0;38.062.612;"75818 Rezerwy ogólne i celowe 0 ";0;38.062.612;2155491;"Rezerwa celowa na inwestycje i zakupy inwestycyjne wzakresie polityki społecznej 0 ";0;500.000
"Wydział Bud etu 0 Ŝ";38.062.612;0;38.062.612;"758 Ró 0 Ŝ ne rozliczenia ";0;38.062.612;"75818 Rezerwy ogólne i celowe 0 ";0;38.062.612;2155492;"Rezerwa celowa na realizacj ę zada ń maj ą tkowych z zakresu 0 zarz ą dzania kryzysowego";0;2.000.000
"Wydział Bud etu 0 Ŝ";38.062.612;0;38.062.612;"758 Ró 0 Ŝ ne rozliczenia ";0;38.062.612;"75818 Rezerwy ogólne i celowe 0 ";0;38.062.612;2192251;"Rezerwa celowa na zadania zwi ą zane z propozycjami 0 zgłoszonymi w ramach bud Ŝ etu obywatelskiego na 2014 rok";0;10.000.000
"Wydział Bud etu 0 Ŝ";38.062.612;0;38.062.612;"758 Ró 0 Ŝ ne rozliczenia ";0;38.062.612;"75818 Rezerwy ogólne i celowe 0 ";0;38.062.612;2192261;"Rezerwa celowa na zadania realizowane przez jednostkipomocnicze Miasta 0 ";0;2.000.000
"Wydział Bud etu 0 Ŝ";38.062.612;0;38.062.612;"758 Ró 0 Ŝ ne rozliczenia ";0;38.062.612;"75818 Rezerwy ogólne i celowe 0 ";0;38.062.612;2192271;"Rezerwa celowa na utrzymanie, zakup i wymian ę systemów 0 informatycznych oraz sprz ę tu medycznego w miejskich placówkach Słu Ŝ by Zdrowia";0;3.694.000
"Wydział Bud etu 0 Ŝ";38.062.612;0;38.062.612;"758 Ró 0 Ŝ ne rozliczenia ";0;38.062.612;"75818 Rezerwy ogólne i celowe 0 ";0;38.062.612;2192281;"Rezerwa celowa na wykonanie prac budowlano-konserwatorskich na zabytkowych obiektach wpisanych dorejestru zabytków zlokalizowanych na Starym Cmentarzuprzy ulicy Ogrodowej 0 ";0;1.000.000
"Wydział Bud etu 0 Ŝ";38.062.612;0;38.062.612;"758 Ró 0 Ŝ ne rozliczenia ";0;38.062.612;"75818 Rezerwy ogólne i celowe 0 ";0;38.062.612;2192291;"Rezerwa celowa na wykonanie prac budowlano-konserwatorskich na zabytkowych obiektach wpisanych dorejestru zabytków zlokalizowanych na cmentarzu 0 Ŝ ydowskim przy ulicy Brackiej";0;500.000
"Wydział Bud etu 0 Ŝ";38.062.612;0;38.062.612;"758 Ró 0 Ŝ ne rozliczenia ";0;38.062.612;"75818 Rezerwy ogólne i celowe 0 ";0;38.062.612;2192301;"Rezerwa celowa na zakupy inwestycyjne w zakresiepoprawy bezpiecze 0 ń stwa w pojazdach MPK";0;2.000.000
"Wydział Bud etu 0 Ŝ";38.062.612;0;38.062.612;"758 Ró 0 Ŝ ne rozliczenia ";0;38.062.612;"75818 Rezerwy ogólne i celowe 0 ";0;38.062.612;2192361;"Rezerwa celowa na Realizacj ę Programu Bezpiecze ń stwa 0 Ruchu Drogowego";0;500.000
"Wydział Edukacji 0 ";16.422.520;0;16.422.520;"801 O ś wiata i wychowanie 0 ";0;14.913.520;"80101 Szkoły podstawowe 0 ";0;9.098.730;2182981;"Modernizacja pływalni w Szkole Podstawowej nr 190 - ul.Malczewskiego 37/ 0 4.000.000";47;0
"Wydział Edukacji 0 ";16.422.520;0;16.422.520;"801 O ś wiata i wychowanie 0 ";0;14.913.520;"80101 Szkoły podstawowe 0 ";0;9.098.730;2183351;"Budowa skoczni i bie Ŝ ni w Szkole Podstawowej nr 55 - ul. 0 Mackiewicza 8 - algorytm";0;15.000
"Wydział Edukacji 0 ";16.422.520;0;16.422.520;"801 O ś wiata i wychowanie 0 ";0;14.913.520;"80101 Szkoły podstawowe 0 ";0;9.098.730;2183421;"Budowa kortu tenisowego o twardej nawierzchni - jakouzupełnienie kompleksu sportowego przy SzkolePodstawowej nr 12 przy ul. Jurczy 0 ń skiego 1/3 - algorytm i konkurs";0;611.730
"Wydział Edukacji 0 ";16.422.520;0;16.422.520;"801 O ś wiata i wychowanie 0 ";0;14.913.520;"80101 Szkoły podstawowe 0 ";0;9.098.730;2183441;"Rozbudowa monitoringu zewn ę trznego budynku Szkoły 0 Podstawowej nr 206 - ul. Łozowa 9 - algorytm";0;9.000
"Wydział Edukacji 0 ";16.422.520;0;16.422.520;"801 O ś wiata i wychowanie 0 ";0;14.913.520;"80101 Szkoły podstawowe 0 ";0;9.098.730;2183541;"Budowa ogólnodost ę pnego boiska wielofunkcyjnego przy 0 Szkole Podstawowej nr 26 - ul. Pogonowskiego 33 - bud Ŝ et obywatelski";0;820.000
"Wydział Edukacji 0 ";16.422.520;0;16.422.520;"801 O ś wiata i wychowanie 0 ";0;14.913.520;"80101 Szkoły podstawowe 0 ";0;9.098.730;2183551;"Zagospodarowanie i modernizacja dziedzi ń ca wewn ę trznego 0 (patio) przy Szkole Podstawowej nr 6 - ul. Kusoci ń skiego 116 - bud Ŝ et obywatelski";0;123.000
"Wydział Edukacji 0 ";16.422.520;0;16.422.520;"801 O ś wiata i wychowanie 0 ";0;14.913.520;"80101 Szkoły podstawowe 0 ";0;9.098.730;2189571;"Modernizacja i rozbudowa budynku i bazy sportowej SzkołyPodstawowej nr 51 - ul. Ciołkowskiego 11a - bud 0 Ŝ et obywatelski";0;1.200.000
"Wydział Edukacji 0 ";16.422.520;0;16.422.520;"801 O ś wiata i wychowanie 0 ";0;14.913.520;"80101 Szkoły podstawowe 0 ";0;9.098.730;2190831;"Budowa zaplecza sanitarno-szatniowego na terenie boiskaszkolnego przy ul. Grabi 0 ń skiej (osiedle Nowosolna)";0;150.000
"Wydział Edukacji 0 ";16.422.520;0;16.422.520;"801 O ś wiata i wychowanie 0 ";0;14.913.520;"80101 Szkoły podstawowe 0 ";0;9.098.730;2190921;"Modernizacja szatni w budynku Szkoły Podstawowej nr 0 200.000";38;0
"Wydział Edukacji 0 ";16.422.520;0;16.422.520;"801 O ś wiata i wychowanie 0 ";0;14.913.520;"80101 Szkoły podstawowe 0 ";0;9.098.730;2190961;"Modernizacja sanitariatów w budynku Szkoły Podstawowejnr 122 ul. Jesionowa 0 ";0;400.000
"Wydział Edukacji 0 ";16.422.520;0;16.422.520;"801 O ś wiata i wychowanie 0 ";0;14.913.520;"80101 Szkoły podstawowe 0 ";0;9.098.730;2190991;"Rozbudowa Centrum rekreacyjno-sportowego przy SzkolePodstawowej nr 109 ul. Pryncypalna 0 ";0;260.000
"Wydział Edukacji 0 ";16.422.520;0;16.422.520;"801 O ś wiata i wychowanie 0 ";0;14.913.520;"80101 Szkoły podstawowe 0 ";0;9.098.730;2191001;"Zakupy inwestycyjne doposa Ŝ enie 12 szkół w sprz ę t i 0 pomoce dydaktyczne dla 6-latków. Zaplanowane wydatkiprzeznaczone zostan ą na doposa Ŝ enie klas i ś wietlic w Szkołach Podstawowych o nr 122, 45, 38, 5, 10, 138, 4, 164,28, 52, 23, 175";0;120.000
"Wydział Edukacji 0 ";16.422.520;0;16.422.520;"801 O ś wiata i wychowanie 0 ";0;14.913.520;"80101 Szkoły podstawowe 0 ";0;9.098.730;2191011;"Monitoring w Szkole Podstawowej nr 34 przy ul. Ć wikli ń skiej 0 30.000";9;0
"Wydział Edukacji 0 ";16.422.520;0;16.422.520;"801 O ś wiata i wychowanie 0 ";0;14.913.520;"80101 Szkoły podstawowe 0 ";0;9.098.730;2191021;"Modernizacja budynku Szkoły Podstawowej Nr 5 przy ul.Ł 0 ę czyckiej 23";0;100.000
"Wydział Edukacji 0 ";16.422.520;0;16.422.520;"801 O ś wiata i wychowanie 0 ";0;14.913.520;"80101 Szkoły podstawowe 0 ";0;9.098.730;2191031;"Modernizacja budynku Szkoły Podstawowej Nr 125 przy ul.Dzwonowej 18/ 0 60.000";20;0
"Wydział Edukacji 0 ";16.422.520;0;16.422.520;"801 O ś wiata i wychowanie 0 ";0;14.913.520;"80101 Szkoły podstawowe 0 ";0;9.098.730;2191051;"Modernizacja basenu wraz z zapleczem przy SzkolePodstawowej nr 190 przy ul. Malczewskiego 37/ 0 1.000.000";47;0
"Wydział Edukacji 0 ";16.422.520;0;16.422.520;"801 O ś wiata i wychowanie 0 ";0;14.913.520;"80102 Szkoły podstawowe specjalne 0 ";0;20.000;2183002;"Zakup schodołazu dla Zespołu Szkół Specjalnych nr 2 - ul.Karolewska 30/34 - algorytm 0 ";0;20.000
"Wydział Edukacji 0 ";16.422.520;0;16.422.520;"801 O ś wiata i wychowanie 0 ";0;14.913.520;"80104 Przedszkola 0 ";0;1.544.290;2183341;"Doposa Ŝ enie placu zabaw w Przedszkolu Miejskim nr 221 - ul. 0 Ś migłego-Rydza 38 - algorytm";0;10.000
"Wydział Edukacji 0 ";16.422.520;0;16.422.520;"801 O ś wiata i wychowanie 0 ";0;14.913.520;"80104 Przedszkola 0 ";0;1.544.290;2183361;"Doposa Ŝ enie ogródka przedszkolnego w Przedszkolu 0 Miejskim nr 122 - ul. B ę dzi ń ska 3 - algorytm";0;5.000
"Wydział Edukacji 0 ";16.422.520;0;16.422.520;"801 O ś wiata i wychowanie 0 ";0;14.913.520;"80104 Przedszkola 0 ";0;1.544.290;2183371;"Budowa placu zabaw w Przedszkolu Miejskim nr 44 - ul.S 0 ę dziowska 18a - algorytm";0;15.000
"Wydział Edukacji 0 ";16.422.520;0;16.422.520;"801 O ś wiata i wychowanie 0 ";0;14.913.520;"80104 Przedszkola 0 ";0;1.544.290;2183391;"Doposa Ŝ enie placu zabaw w Przedszkolu Miejskim nr 128 - ul. 0 Harcerzy Zatorowców 2 - algorytm";0;14.087
"Wydział Edukacji 0 ";16.422.520;0;16.422.520;"801 O ś wiata i wychowanie 0 ";0;14.913.520;"80104 Przedszkola 0 ";0;1.544.290;2183401;"Doposa Ŝ enie placu zabaw w Przedszkolu Miejskim nr 4 - ul. 0 Kmicica 5 - algorytm";0;15.250
"Wydział Edukacji 0 ";16.422.520;0;16.422.520;"801 O ś wiata i wychowanie 0 ";0;14.913.520;"80104 Przedszkola 0 ";0;1.544.290;2183411;"Przebudowa ogrodze ń dwóch placówek przedszkolnych 0 wraz z doposa Ŝ eniem placów zabaw - kontynuacja zadania - algorytm i konkurs";0;209.035
"Wydział Edukacji 0 ";16.422.520;0;16.422.520;"801 O ś wiata i wychowanie 0 ";0;14.913.520;"80104 Przedszkola 0 ";0;1.544.290;2183431;"Modernizacja szatni w Przedszkolu Miejskim nr 22 - ul. Rybna20 - algorytm 0 ";0;20.000
"Wydział Edukacji 0 ";16.422.520;0;16.422.520;"801 O ś wiata i wychowanie 0 ";0;14.913.520;"80104 Przedszkola 0 ";0;1.544.290;2183561;"Rozbudowa placu zabaw o sprz ę t do zaj ęć ruchowych dla 0 dzieci w Przedszkolu Miejskim nr 206 - ul. Lermontowa 7 -bud Ŝ et obywatelski";0;43.918
"Wydział Edukacji 0 ";16.422.520;0;16.422.520;"801 O ś wiata i wychowanie 0 ";0;14.913.520;"80104 Przedszkola 0 ";0;1.544.290;2190841;"Wykonanie elewacji budynku Przedszkola Miejskiego nr 137,ul. Grota - Roweckiego 0 93.000";6;0
"Wydział Edukacji 0 ";16.422.520;0;16.422.520;"801 O ś wiata i wychowanie 0 ";0;14.913.520;"80104 Przedszkola 0 ";0;1.544.290;2190851;"Plac zabaw dla dzieci w wieku 3-6 lat na terenie ogroduprzedszkolnego Przedszkola Miejskiego nr 4, ul. Kmicica 0 200.000";5;0
"Wydział Edukacji 0 ";16.422.520;0;16.422.520;"801 O ś wiata i wychowanie 0 ";0;14.913.520;"80104 Przedszkola 0 ";0;1.544.290;2190871;"Termomodernizacja budynku Przedszkola Miejskiego nr 126,ul. Broniewskiego 101/ 0 35.000";103;0
"Wydział Edukacji 0 ";16.422.520;0;16.422.520;"801 O ś wiata i wychowanie 0 ";0;14.913.520;"80104 Przedszkola 0 ";0;1.544.290;2190881;"Wymiana ogrodzenia Przedszkola Miejskiego nr 126, ul.Broniewskiego 101/ 0 70.000";103;0
"Wydział Edukacji 0 ";16.422.520;0;16.422.520;"801 O ś wiata i wychowanie 0 ";0;14.913.520;"80104 Przedszkola 0 ";0;1.544.290;2190931;"Modernizacja tarasu budynku oraz chodników przy MiejskimPrzedszkolu nr 0 150.000";173;0
"Wydział Edukacji 0 ";16.422.520;0;16.422.520;"801 O ś wiata i wychowanie 0 ";0;14.913.520;"80104 Przedszkola 0 ";0;1.544.290;2190951;"Modernizacja tarasu przy budynku Przedszkola Miejskiego nr 0 200.000";83;0
"Wydział Edukacji 0 ";16.422.520;0;16.422.520;"801 O ś wiata i wychowanie 0 ";0;14.913.520;"80104 Przedszkola 0 ";0;1.544.290;2190971;"Przebudowa ogrodzenia Przedszkola Miejskiego nr 154 ul.Przełajowa 0 80.000";21;0
"Wydział Edukacji 0 ";16.422.520;0;16.422.520;"801 O ś wiata i wychowanie 0 ";0;14.913.520;"80104 Przedszkola 0 ";0;1.544.290;2191081;"Modernizacja gminnych obiektów i urz ą dze ń u Ŝ yteczno ś ci 0 publicznej oraz obiektów administracyjnych w PrzedszkoluMiejskim nr 123, ul. Rojna 24";0;156.000
"Wydział Edukacji 0 ";16.422.520;0;16.422.520;"801 O ś wiata i wychowanie 0 ";0;14.913.520;"80104 Przedszkola 0 ";0;1.544.290;2191091;"Modernizacja budynku Przedszkola Miejskiego Nr 106, ul.Astronautów 0 228.000";7;0
"Wydział Edukacji 0 ";16.422.520;0;16.422.520;"801 O ś wiata i wychowanie 0 ";0;14.913.520;"80110 Gimnazja 0 ";0;2.090.000;2183381;"Modernizacja boiska szkolnego w Publicznym Gimnazjum nr 5- ul. Sienkiewicza 117 - algorytm 0 ";0;120.000
"Wydział Edukacji 0 ";16.422.520;0;16.422.520;"801 O ś wiata i wychowanie 0 ";0;14.913.520;"80110 Gimnazja 0 ";0;2.090.000;2183451;"Drugi etap adaptacji sali na poddaszu Publicznego Gimnazjumnr 15 - ul. Sowi 0 ń skiego 50/56 - algorytm";0;10.000
"Wydział Edukacji 0 ";16.422.520;0;16.422.520;"801 O ś wiata i wychowanie 0 ";0;14.913.520;"80110 Gimnazja 0 ";0;2.090.000;2190981;"Modernizacja budynku Gimnazjum nr 41 ul. Bohdanowicza 11w tym modernizacja sali gimnastycznej, szkolnychsanitariatów oraz ogrodzenia 0 ";0;280.000
"Wydział Edukacji 0 ";16.422.520;0;16.422.520;"801 O ś wiata i wychowanie 0 ";0;14.913.520;"80110 Gimnazja 0 ";0;2.090.000;2191041;"Modernizacja ogrodzenia terenu Publicznego Gimnazjum nr 33- ul. Janosika 0 330.000";136;0
"Wydział Edukacji 0 ";16.422.520;0;16.422.520;"801 O ś wiata i wychowanie 0 ";0;14.913.520;"80110 Gimnazja 0 ";0;2.090.000;2191061;"Budowa boiska wielofunkcyjnego przy Gimnazjum Publicznymnr 7, ul. Rojna 0 850.000";33;0
"Wydział Edukacji 0 ";16.422.520;0;16.422.520;"801 O ś wiata i wychowanie 0 ";0;14.913.520;"80110 Gimnazja 0 ";0;2.090.000;2191071;"Modernizacja w ę złów sanitarnych w Przedszkolu Publicznym 0 nr 214 przy ul. Batalionów Chłopskich 21";0;500.000
"Wydział Edukacji 0 ";16.422.520;0;16.422.520;"801 O ś wiata i wychowanie 0 ";0;14.913.520;"80120 Licea ogólnokształc ą ce 0 ";0;181.730;2183012;"Budowa skoczni, ogrodzenia bie Ŝ ni i sceny amfiteatru w 0 kompleksie sportowym Widzewska Górka w rejonie szkółZSO nr 8 przy ul. Czernika 1/3 i SP nr 199 przy ul. Elsnera 8. -algorytm i konkurs";0;181.730
"Wydział Edukacji 0 ";16.422.520;0;16.422.520;"801 O ś wiata i wychowanie 0 ";0;14.913.520;"80130 Szkoły zawodowe 0 ";0;1.300.000;2183052;"Otwarte wielofunkcyjne boiska dla mieszka ń ców przy 0 Zespole Szkół Gastronomicznych - ul. Sienkiewicza 88 -bud Ŝ et obywatelski";0;1.300.000
"Wydział Edukacji 0 ";16.422.520;0;16.422.520;"801 O ś wiata i wychowanie 0 ";0;14.913.520;"80195 Pozostała działalno ść 0 ";0;678.770;2190861;"Modernizacja placu zabaw dla dzieci na osiedlu Stoki.Lokalizacja - istniej 0 ą cy plac zabaw na ul. D ę bowskiego pomi ę dzy budynkami przy ul. Skalnej 37 i ul. Zbocze 43";0;220.000
"Wydział Edukacji 0 ";16.422.520;0;16.422.520;"801 O ś wiata i wychowanie 0 ";0;14.913.520;"80195 Pozostała działalno ść 0 ";0;678.770;2190941;"Zagospodarowanie terenów biologicznie czynnych,uzupełnienie brakuj 0 ą cych urz ą dze ń rekreacyjno-sportowych, zakup i monta Ŝ zaplecza szatni i sanitariatów do obsługi funkcjonuj ą cych boisk sportowych, zakup i monta Ŝ kamer wizyjnych na terenie działek nr";0;458.770
"Wydział Edukacji 0 ";16.422.520;0;16.422.520;"854 Edukacyjna opieka wychowawcza 0 ";0;1.509.000;"85403 Specjalne o ś rodki szkolno-wychowawcze 0 ";0;9.000;2182992;"Wyposa Ŝ enie siłowni w Specjalnym O ś rodku Szkolno- 0 Wychowawczym nr 6 - ul. Dziewanny 24 - algorytm";0;9.000
"Wydział Edukacji 0 ";16.422.520;0;16.422.520;"854 Edukacyjna opieka wychowawcza 0 ";0;1.509.000;"85407 Placówki wychowania pozaszkolnego 0 ";0;1.500.000;2190892;"Modernizacja budynku Centrum Zaj ęć Pozaszkolnych nr 0 1.500.000 przy ul. Sopockiej 3/5 z uwzgl ę dnieniem modernizacji Motodromu przy ul. Parkowej 1";2;0
"Wydział Gospodarki Komunalnej ";14.668.922;2.026.903;12.642.019;"400 Wytwarzanie i zaopatrywanie w energi elektryczn 0 ę ą , ";0;10.020.179;"40095 Pozostała działalno ść 0 ";0;10.020.179;2176711;"Termomodernizacja o ś wiatowych obiektów gminnych 0 ";0;10.000.000
"Wydział Gospodarki Komunalnej ";14.668.922;2.026.903;12.642.019;"400 Wytwarzanie i zaopatrywanie w energi elektryczn 0 ę ą , ";0;10.020.179;"40095 Pozostała działalno ść 0 ";0;10.020.179;2176731;"Zakup i monta Ŝ przeno ś nego kotła olejowego wraz ze 0 zbiornikiem na olej - algorytm";0;20.179
"Wydział Gospodarki Komunalnej ";14.668.922;2.026.903;12.642.019;"900 Gospodarka komunalna i ochrona ś rodowiska ";2.026.903;2.621.840;"90002 Gospodarka odpadami 0";726.903;0;2138241;"Gospodarka odpadami komunalnymi w Łodzi - faza II(kontynuacja zadania kod 2107441) 0";200.000;0
"Wydział Gospodarki Komunalnej ";14.668.922;2.026.903;12.642.019;"900 Gospodarka komunalna i ochrona ś rodowiska ";2.026.903;2.621.840;"90002 Gospodarka odpadami 0";726.903;0;2176321;"Odbieranie i zagospodarowanie odpadów komunalnych 0";50.000;0
"Wydział Gospodarki Komunalnej ";14.668.922;2.026.903;12.642.019;"900 Gospodarka komunalna i ochrona ś rodowiska ";2.026.903;2.621.840;"90002 Gospodarka odpadami 0";726.903;0;2176651;"Gospodarka odpadami komunalnymi w Łodzi - faza II - etapprzygotowawczy 0";476.903;0
"Wydział Gospodarki Komunalnej ";14.668.922;2.026.903;12.642.019;"900 Gospodarka komunalna i ochrona ś rodowiska ";2.026.903;2.621.840;"90015 O ś wietlenie ulic, placów i dróg 0 ";0;25.000;2176701;"Budowa o ś wietlenia skweru przy ul. Urz ę dniczej - algorytm 0 ";0;25.000
"Wydział Gospodarki Komunalnej ";14.668.922;2.026.903;12.642.019;"900 Gospodarka komunalna i ochrona ś rodowiska ";2.026.903;2.621.840;"90095 Pozostała działalno ść ";1.300.000;2.596.840;2176781;"Budowa i wyposa Ŝ enie placu zabaw dla dzieci oraz miejsc 0 integracji i spotka ń dla mieszka ń ców osiedla na terenie przy ul. Moskule 90 - algorytm i konkurs";0;242.300
"Wydział Gospodarki Komunalnej ";14.668.922;2.026.903;12.642.019;"900 Gospodarka komunalna i ochrona ś rodowiska ";2.026.903;2.621.840;"90095 Pozostała działalno ść ";1.300.000;2.596.840;2176791;"Budowa parkingu dla samochodów osobowych i autobusówprzy ul. Karpia 29-65 - algorytm i konkurs 0 ";0;500.000
"Wydział Gospodarki Komunalnej ";14.668.922;2.026.903;12.642.019;"900 Gospodarka komunalna i ochrona ś rodowiska ";2.026.903;2.621.840;"90095 Pozostała działalno ść ";1.300.000;2.596.840;2176801;"Budowa parkingu przy ul. Górnej i Okrzei - algorytm i konkurs 0 ";0;371.161
"Wydział Gospodarki Komunalnej ";14.668.922;2.026.903;12.642.019;"900 Gospodarka komunalna i ochrona ś rodowiska ";2.026.903;2.621.840;"90095 Pozostała działalno ść ";1.300.000;2.596.840;2176811;"Opracowanie dokumentacji technicznej na budow ę kanalizacji 0 deszczowej w ul. Stokowskiej od istn. ko ń cówki do ul. Junackiej wraz z utwardzeniem nawierzchni-algorytm";0;48.000
"Wydział Gospodarki Komunalnej ";14.668.922;2.026.903;12.642.019;"900 Gospodarka komunalna i ochrona ś rodowiska ";2.026.903;2.621.840;"90095 Pozostała działalno ść ";1.300.000;2.596.840;2176831;"Opracowanie dokumentacji technicznej na budow ę kanalizacji 0 deszczowej w ul. Brzezi ń skiej od ul. Pstrowskiego do ul. Marmurowej i do ul. Zjazdowej wraz z utwardzeniem ul.Beskidzkiej - algorytm";0;58.000
"Wydział Gospodarki Komunalnej ";14.668.922;2.026.903;12.642.019;"900 Gospodarka komunalna i ochrona ś rodowiska ";2.026.903;2.621.840;"90095 Pozostała działalno ść ";1.300.000;2.596.840;2176851;"Budowa parkingu dla cmentarza przy ulicy Poziomej -algorytm 0 ";0;60.000
"Wydział Gospodarki Komunalnej ";14.668.922;2.026.903;12.642.019;"900 Gospodarka komunalna i ochrona ś rodowiska ";2.026.903;2.621.840;"90095 Pozostała działalno ść ";1.300.000;2.596.840;2176861;"Budowa placu zabaw przy ulicach Denna-Pienista - algorytm 0 ";0;41.794
"Wydział Gospodarki Komunalnej ";14.668.922;2.026.903;12.642.019;"900 Gospodarka komunalna i ochrona ś rodowiska ";2.026.903;2.621.840;"90095 Pozostała działalno ść ";1.300.000;2.596.840;2176871;"Doposa Ŝ enie placu zabaw przy ul. Rydla 7b - algorytm 0 ";0;10.000
"Wydział Gospodarki Komunalnej ";14.668.922;2.026.903;12.642.019;"900 Gospodarka komunalna i ochrona ś rodowiska ";2.026.903;2.621.840;"90095 Pozostała działalno ść ";1.300.000;2.596.840;2176881;"Doposa Ŝ enie placu zabaw, remont ogrodzenia, o ś wietlenia i 0 innej infrastruktury technicznej oraz małej architektury przyul.Beskidzkiej 172 - algorytm";0;45.336
"Wydział Gospodarki Komunalnej ";14.668.922;2.026.903;12.642.019;"900 Gospodarka komunalna i ochrona ś rodowiska ";2.026.903;2.621.840;"90095 Pozostała działalno ść ";1.300.000;2.596.840;2188311;"Wykonanie projektu wraz z wykonaniem chodnika po stroniepołudniowej ci 0 ą gu pieszo-jezdnego od ul.Tuszy ń skiej do wjazdu przed blokiem przy ul.Rymanowskiej 5/7 - algorytm";0;20.000
"Wydział Gospodarki Komunalnej ";14.668.922;2.026.903;12.642.019;"900 Gospodarka komunalna i ochrona ś rodowiska ";2.026.903;2.621.840;"90095 Pozostała działalno ść ";1.300.000;2.596.840;2188481;"Inwestycje zwi ą zane z zaopatrzeniem w wod ę i 0 odprowadzaniem ś cieków dla miasta Łodzi";300.000;0
"Wydział Gospodarki Komunalnej ";14.668.922;2.026.903;12.642.019;"900 Gospodarka komunalna i ochrona ś rodowiska ";2.026.903;2.621.840;"90095 Pozostała działalno ść ";1.300.000;2.596.840;2188521;"Plac zabaw dla dzieci - Małe Smulsko. Lokalizacja w obr ę bie 0 P23: 103/13, 1756/5 - bud Ŝ et obywatelski";0;223.249
"Wydział Gospodarki Komunalnej ";14.668.922;2.026.903;12.642.019;"900 Gospodarka komunalna i ochrona ś rodowiska ";2.026.903;2.621.840;"90095 Pozostała działalno ść ";1.300.000;2.596.840;2188531;"Skatepark na Widzewie przy Lasku Widzewskim. Lokalizacja -działki 29/38, 29/28 (teren w południowej cz 0 ęś ci tzw. Lasu Widzewskiego) - bud Ŝ et obywatelski";0;850.000
"Wydział Gospodarki Komunalnej ";14.668.922;2.026.903;12.642.019;"900 Gospodarka komunalna i ochrona ś rodowiska ";2.026.903;2.621.840;"90095 Pozostała działalno ść ";1.300.000;2.596.840;2188541;"Park Osiedlowy. Lokalizacja - teren zielony mi ę dzy ul. 0 Ziemowita i ul. D ą brówki - bud Ŝ et obywatelski ";0;127.000
"Wydział Gospodarki Komunalnej ";14.668.922;2.026.903;12.642.019;"900 Gospodarka komunalna i ochrona ś rodowiska ";2.026.903;2.621.840;"90095 Pozostała działalno ść ";1.300.000;2.596.840;2188561;"System odwodnienia miasta 0";1.000.000;0
"Wydział Informatyki ";8.267.564;4.391.724;3.875.840;"720 Informatyka 0";1.522.724;0;"72095 Pozostała działalno ść 0";1.522.724;0;2161401;"e-Łód ź - II rozwój usług elektronicznych dla mieszka ń ców i 0 administracji Łodzi oraz rozbudowa sieci z uwzgl ę dnieniem szerokopasmowego dost ę pu do Internetu";1.522.724;0
"Wydział Informatyki ";8.267.564;4.391.724;3.875.840;"750 Administracja publiczna ";2.000.000;1.000.000;"75023 Urz ę dy gmin (miast i miast na prawach powiatu) ";2.000.000;1.000.000;2179221;"Utrzymanie, zakup i wymiana systemów informatycznych 0";2.000.000;0
"Wydział Informatyki ";8.267.564;4.391.724;3.875.840;"750 Administracja publiczna ";2.000.000;1.000.000;"75023 Urz ę dy gmin (miast i miast na prawach powiatu) ";2.000.000;1.000.000;2186881;"Zakup systemów do zarz ą dzania dokumentami, informacj ą i 0 finansami miasta - dokumentacja";0;1.000.000
"Wydział Informatyki ";8.267.564;4.391.724;3.875.840;"801 O ś wiata i wychowanie 0 ";0;2.875.840;"80195 Pozostała działalno ść 0 ";0;2.875.840;2186911;"Edukacyjne Wrota Regionu Łódzkiego 0 ";0;2.875.840
"Wydział Informatyki ";8.267.564;4.391.724;3.875.840;"900 Gospodarka komunalna i ochrona rodowiska ś 0";869.000;0;"90002 Gospodarka odpadami 0";869.000;0;2179211;"Zakup, modernizacja i utrzymanie platformy dotycz ą cej 0 ewidencji, naliczania i windykacji nale Ŝ no ś ci";869.000;0
"Wydział Kultury ";30.082.931;26.987.931;3.095.000;"750 Administracja publiczna 0";13.223;0;"75095 Pozostała działalno ść 0";13.223;0;2164411;"Łódzkie Przyjazne Filmowcom - zakupy inwestycyjne 0";13.223;0
"Wydział Kultury ";30.082.931;26.987.931;3.095.000;"921 Kultura i ochrona dziedzictwa narodowego ";26.974.708;3.095.000;"92106 Teatry 0";11.362.723;0;2144221;"Rewitalizacja i modernizacja Teatru Lalek Arlekin w Łodzi 0";8.162.723;0
"Wydział Kultury ";30.082.931;26.987.931;3.095.000;"921 Kultura i ochrona dziedzictwa narodowego ";26.974.708;3.095.000;"92106 Teatry 0";11.362.723;0;2164181;"Rewitalizacja i modernizacja Teatru Lalek ""Arlekin"" w Łodzi -wydatki nie obj 0 ę te umow ą o dofinansowanie projektu.";3.200.000;0
"Wydział Kultury ";30.082.931;26.987.931;3.095.000;"921 Kultura i ochrona dziedzictwa narodowego ";26.974.708;3.095.000;"92114 Pozostałe instytucje kultury 0";11.211.985;0;2144191;"Utworzenie w ramach Fabryki Sztuki w Łodzi InkubatoraKultury - Art._Inkubator 0";8.577.775;0
"Wydział Kultury ";30.082.931;26.987.931;3.095.000;"921 Kultura i ochrona dziedzictwa narodowego ";26.974.708;3.095.000;"92114 Pozostałe instytucje kultury 0";11.211.985;0;2144201;"Utworzenie w ramach Fabryki Sztuki w Łodzi InkubatoraKultury - Art._Inkubator - wydatki nie obj 0 ę te umow ą o dofinansowanie";2.634.210;0
"Wydział Kultury ";30.082.931;26.987.931;3.095.000;"921 Kultura i ochrona dziedzictwa narodowego ";26.974.708;3.095.000;"92116 Biblioteki 0 ";0;215.000;2187551;"Modernizacja filii nr 11 Miejskiej Biblioteki Publicznej Łód ź - 0 Bałuty przy ul. A.Radka 8";0;70.000
"Wydział Kultury ";30.082.931;26.987.931;3.095.000;"921 Kultura i ochrona dziedzictwa narodowego ";26.974.708;3.095.000;"92116 Biblioteki 0 ";0;215.000;2187771;"Modernizacja filii nr 7 Miejskiej Biblioteki Publicznej Łód ź -Bałuty 0 przy ul. Aleksandrowskiej 12";0;70.000
"Wydział Kultury ";30.082.931;26.987.931;3.095.000;"921 Kultura i ochrona dziedzictwa narodowego ";26.974.708;3.095.000;"92116 Biblioteki 0 ";0;215.000;2164391;"Likwidacja barier architektonicznych na potrzeby osóbniepełnosprawnych w filii nr 11 MBP Łód 0 ź Górna - algorytm";0;50.000
"Wydział Kultury ";30.082.931;26.987.931;3.095.000;"921 Kultura i ochrona dziedzictwa narodowego ";26.974.708;3.095.000;"92116 Biblioteki 0 ";0;215.000;2187701;"Komputeryzacja biblioteki na Stokach - bud Ŝ et obywatelski 0 ";0;25.000
"Wydział Kultury ";30.082.931;26.987.931;3.095.000;"921 Kultura i ochrona dziedzictwa narodowego ";26.974.708;3.095.000;"92118 Muzea 0 ";0;380.000;2187781;"Zakup muzealiów 0 ";0;300.000
"Wydział Kultury ";30.082.931;26.987.931;3.095.000;"921 Kultura i ochrona dziedzictwa narodowego ";26.974.708;3.095.000;"92118 Muzea 0 ";0;380.000;2187671;"Ocieplenie i klimatyzacja cz ęś ci wschodniej poddasza pałacu 0 Scheiblera. Adaptacja poddasza i ocieplenie stropu MuzeumKinematografii.";0;80.000
"Wydział Kultury ";30.082.931;26.987.931;3.095.000;"921 Kultura i ochrona dziedzictwa narodowego ";26.974.708;3.095.000;"92195 Pozostała działalno ść ";4.400.000;2.500.000;2164211;"Zintegrowany program rozwoju i przyj ę cia nowych funkcji dla 0 terenów Ksi ęŜ ego Młyna";4.400.000;0
"Wydział Kultury ";30.082.931;26.987.931;3.095.000;"921 Kultura i ochrona dziedzictwa narodowego ";26.974.708;3.095.000;"92195 Pozostała działalno ść ";4.400.000;2.500.000;2187751;"Modernizacja przestrzeni publicznej Osiedla Ksi ęŜ y Młyn 0 wraz z przebudow ą ulicy Ksi ęŜ y Młyn";0;2.500.000
"Wydział Maj ą tku Miasta 0 ";1.000.000;0;1.000.000;"700 Gospodarka mieszkaniowa 0 ";0;1.000.000;"70005 Gospodarka gruntami i nieruchomo ś ciami 0 ";0;1.000.000;2166301;"Zwrot ś rodków finansowych poniesionych na nakłady 0 budowlane wynikaj ą ce z przej ę tych nieruchomo ś ci";0;1.000.000
"Wydział Ochrony rodowiska i Rolnictwa 0 Ś";625.000;0;625.000;"900 Gospodarka komunalna i ochrona 0 ś rodowiska ";0;625.000;"90013 Schroniska dla zwierz ą t 0 ";0;625.000;2181121;"Poprawa warunków bytowych w łódzkim schronisku -bud 0 Ŝ et obywatelski";0;625.000
"Wydział Praw do Nieruchomo ś ci 0 ";2.391.542;0;2.391.542;"700 Gospodarka mieszkaniowa";0;2.391.542;"70005 Gospodarka gruntami i nieruchomo ś ciami 0 ";0;2.391.542;2174691;"Nabywanie nieruchomo ś ci 0 ";0;2.391.542
"Wydział Sportu ";11.377.500;2.500.000;8.877.500;"926 Kultura fizyczna ";2.500.000;8.877.500;"92601 Obiekty sportowe 0 ";0;850.000;2190031;"Modernizacja hali KS ""Gwardia"" Łód ź 0 ";0;700.000
"Wydział Sportu ";11.377.500;2.500.000;8.877.500;"926 Kultura fizyczna ";2.500.000;8.877.500;"92601 Obiekty sportowe 0 ";0;850.000;2190051;"Przygotowanie dokumentacji projektowej budowy CentrumSportu przy ulicy Północnej 0 ";0;150.000
"Wydział Sportu ";11.377.500;2.500.000;8.877.500;"926 Kultura fizyczna ";2.500.000;8.877.500;"92604 Instytucje kultury fizycznej ";2.500.000;8.027.500;2190021;"Dokumentacja projektowa na budow ę stadionu Ŝ u Ŝ lowego 0 przy ul. 6-go Sierpnia 71";0;1.000.000
"Wydział Sportu ";11.377.500;2.500.000;8.877.500;"926 Kultura fizyczna ";2.500.000;8.877.500;"92604 Instytucje kultury fizycznej ";2.500.000;8.027.500;2185151;"Zakup podłogi mobilnej do Hali Sportowej przy ul. Skorupki 0";21;700.000
"Wydział Sportu ";11.377.500;2.500.000;8.877.500;"926 Kultura fizyczna ";2.500.000;8.877.500;"92604 Instytucje kultury fizycznej ";2.500.000;8.027.500;2185161;"Modernizacja obiektu przy ul. Srebrzy ń skiej 0";95;550.000
"Wydział Sportu ";11.377.500;2.500.000;8.877.500;"926 Kultura fizyczna ";2.500.000;8.877.500;"92604 Instytucje kultury fizycznej ";2.500.000;8.027.500;2186711;"Modernizacja obiektu przy ul. Minerskiej 0";1.000.000;0
"Wydział Sportu ";11.377.500;2.500.000;8.877.500;"926 Kultura fizyczna ";2.500.000;8.877.500;"92604 Instytucje kultury fizycznej ";2.500.000;8.027.500;2186721;"Dostawa kontenerów szatniowych 0";250.000;0
"Wydział Sportu ";11.377.500;2.500.000;8.877.500;"926 Kultura fizyczna ";2.500.000;8.877.500;"92604 Instytucje kultury fizycznej ";2.500.000;8.027.500;2188121;"Modernizacja pływalni przy ul. Sobolowej 0 3.500.000";1;0
"Wydział Sportu ";11.377.500;2.500.000;8.877.500;"926 Kultura fizyczna ";2.500.000;8.877.500;"92604 Instytucje kultury fizycznej ";2.500.000;8.027.500;2189931;"Rozkwit Parku Stawy Jana - bud Ŝ et obywatelski 0 ";0;888.500
"Wydział Sportu ";11.377.500;2.500.000;8.877.500;"926 Kultura fizyczna ";2.500.000;8.877.500;"92604 Instytucje kultury fizycznej ";2.500.000;8.027.500;2189941;"Rozbudowa zaplecza socjalnego na lodowisku przy ul.Popiełuszki - bud 0 Ŝ et obywatelski";0;69.000
"Wydział Sportu ";11.377.500;2.500.000;8.877.500;"926 Kultura fizyczna ";2.500.000;8.877.500;"92604 Instytucje kultury fizycznej ";2.500.000;8.027.500;2189951;"Zakup sztucznej nawierzchni na lodowisku przy ul.Popiełuszki - bud 0 Ŝ et obywatelski";0;150.000
"Wydział Sportu ";11.377.500;2.500.000;8.877.500;"926 Kultura fizyczna ";2.500.000;8.877.500;"92604 Instytucje kultury fizycznej ";2.500.000;8.027.500;2189961;"Wymiana band na lodowisku przy ul. Popiełuszki - bud Ŝ et 0 obywatelski";0;280.000
"Wydział Sportu ";11.377.500;2.500.000;8.877.500;"926 Kultura fizyczna ";2.500.000;8.877.500;"92604 Instytucje kultury fizycznej ";2.500.000;8.027.500;2189991;"Modernizacja widowni w hali przy ul. Skorupki dla potrzebrozgrywek dzieci i młodzie 0 Ŝ y oraz przygotowanie dokumentacji projektowej przebudowy całej widowni daj ą cej mo Ŝ liwo ść organizacji imprez masowych";0;1.140.000
"Wydział Sportu ";11.377.500;2.500.000;8.877.500;"926 Kultura fizyczna ";2.500.000;8.877.500;"92604 Instytucje kultury fizycznej ";2.500.000;8.027.500;2190041;"Modernizacja obiektu rekreacyjno-wypoczynkowego ""StawyStefa 0 ń skiego""";0;1.000.000
"Wydział Zarz dzania Kryzysowego i 0 ą Bezpiecze ń stwa";2.592.258;0;2.592.258;"754 Bezpiecze ń stwo publiczne i ochrona 0 ";0;2.592.258;"75412 Ochotnicze stra Ŝ e po Ŝ arne 0 ";0;2.592.258;2179801;"Zakup sprz ę tu specjalistycznego dla OSP Sikawa w Łodzi ul. 0 Janosika 158 - algorytm";0;11.158
"Wydział Zarz dzania Kryzysowego i 0 ą Bezpiecze ń stwa";2.592.258;0;2.592.258;"754 Bezpiecze ń stwo publiczne i ochrona 0 ";0;2.592.258;"75412 Ochotnicze stra Ŝ e po Ŝ arne 0 ";0;2.592.258;2179841;"Budowa wjazdu z utwardzeniem cz ęś ci terenu na 0 nieruchomo ś ci przy ul. Plonowej 29/31 w OSP Mikołajew";0;50.000
"Wydział Zarz dzania Kryzysowego i 0 ą Bezpiecze ń stwa";2.592.258;0;2.592.258;"754 Bezpiecze ń stwo publiczne i ochrona 0 ";0;2.592.258;"75412 Ochotnicze stra Ŝ e po Ŝ arne 0 ";0;2.592.258;2179861;"Rozbudowa stra Ŝ nicy OSP Łód ź - Łaskowice 0 ";0;2.500.000
"Wydział Zarz dzania Kryzysowego i 0 ą Bezpiecze ń stwa";2.592.258;0;2.592.258;"754 Bezpiecze ń stwo publiczne i ochrona 0 ";0;2.592.258;"75412 Ochotnicze stra Ŝ e po Ŝ arne 0 ";0;2.592.258;2179981;"Doposa Ŝ enie jednostki OSP - Wiskitno, ul. Kolumny 312 - 0 bud Ŝ et obywatelski";0;31.100
"Wydział Zdrowia i Spraw Społecznych ";3.690.743;2.772.984;917.759;"851 Ochrona zdrowia ";2.772.984;917.759;"85111 Szpitale ogólne 0";2.772.984;0;2179651;"Dofinansowanie kompleksowej termomodernizacji obiektów ISzpitala Miejskiego im.dr E.Sonnenberga w Łodzi 0";772.984;0
"Wydział Zdrowia i Spraw Społecznych ";3.690.743;2.772.984;917.759;"851 Ochrona zdrowia ";2.772.984;917.759;"85111 Szpitale ogólne 0";2.772.984;0;2178901;"Prace budowlane w obiektach III Szpitala Miejskiego im. dr K.Jonschera w Łodzi 0";2.000.000;0
"Wydział Zdrowia i Spraw Społecznych ";3.690.743;2.772.984;917.759;"851 Ochrona zdrowia ";2.772.984;917.759;"85121 Lecznictwo ambulatoryjne 0 ";0;917.759;2186341;"Doposa Ŝ enie poradni neurologicznej poprzez zakup aparatu 0 do bada ń EEG w Miejskiej Przychodni ""D ą browa"" w Łodzi, przy ul. Feli ń skiego 7 - bud Ŝ et obywatelski";0;41.000
"Wydział Zdrowia i Spraw Społecznych ";3.690.743;2.772.984;917.759;"851 Ochrona zdrowia ";2.772.984;917.759;"85121 Lecznictwo ambulatoryjne 0 ";0;917.759;2186351;"Termomodernizacja budynku Miejskiej Przychodni""Tatrza 0 ń ska"" w Łodzi, przy ul. Tatrza ń skiej 109 - bud Ŝ et obywatelski Miejskie Centrum Zdrowia Publicznego im. Bł.R.Chyli 0 51.759";0;825.000
"Wydział Zdrowia i Spraw Społecznych ";3.690.743;2.772.984;917.759;"851 Ochrona zdrowia ";2.772.984;917.759;"85121 Lecznictwo ambulatoryjne 0 ";0;917.759;2186361;"Wymiana 10 szt. okien w Miejskim Centrum ZdrowiaPublicznego im. Bł. Rafała Chyli 0 ń skiego w Łodzi z siedzib ą przy ul. Niciarnianej 41 w Łodzi z przeznaczeniem dlaPrzychodni przy ul. Cieszkowskiego 6 w Łodzi - algorytm";0;51.759
"Zarz ą d Dróg i Transportu ";850.282.120;808.173.794;42.108.326;"600 Transport i ł ą czno ść ";807.087.653;39.923.463;"60015 Drogi publiczne w miastach na prawach powiatu (w ";805.987.653;32.575.492;2088702;"Dokumentacja projektowa na budow ę ul. Strykowskiej na odc. 0 od ul. Wycieczkowej do granicy miasta";200.000;0
"Zarz ą d Dróg i Transportu ";850.282.120;808.173.794;42.108.326;"600 Transport i ł ą czno ść ";807.087.653;39.923.463;"60015 Drogi publiczne w miastach na prawach powiatu (w ";805.987.653;32.575.492;2089742;"Dokumentacja projektowa na budow ę obwodnicy Nowosolnej 0 na odc. od ul. Iglastej do granic miasta i ł ą cznicy w ę zła ""Brzeziny"" na autostradzie A1, wraz z przebudow ą ul. Brzezi ń skiej na odc. od ul. projektowanej w rejonie CH ""M1"" do ul. Iglastej";500.000;0
"Zarz ą d Dróg i Transportu ";850.282.120;808.173.794;42.108.326;"600 Transport i ł ą czno ść ";807.087.653;39.923.463;"60015 Drogi publiczne w miastach na prawach powiatu (w ";805.987.653;32.575.492;2110982;"Budowa układu dróg rowerowych na terenie miasta 0";18.000.000;0
"Zarz ą d Dróg i Transportu ";850.282.120;808.173.794;42.108.326;"600 Transport i ł ą czno ść ";807.087.653;39.923.463;"60015 Drogi publiczne w miastach na prawach powiatu (w ";805.987.653;32.575.492;2111022;"Przebudowa ul. Rojnej na odc. od ul. Szczeci ń skiej do ul. 0 Traktorowej";22.000.000;0
"Zarz ą d Dróg i Transportu ";850.282.120;808.173.794;42.108.326;"600 Transport i ł ą czno ść ";807.087.653;39.923.463;"60015 Drogi publiczne w miastach na prawach powiatu (w ";805.987.653;32.575.492;2111072;"Budowa Drogi Krajowej Nr 1 ""Trasa Górna"" na odcinku od Al.Jana Pawła II do ul. Rzgowskiej Etap II odc. Paradna -Pabianicka 0";81.043.000;0
"Zarz ą d Dróg i Transportu ";850.282.120;808.173.794;42.108.326;"600 Transport i ł ą czno ść ";807.087.653;39.923.463;"60015 Drogi publiczne w miastach na prawach powiatu (w ";805.987.653;32.575.492;2111242;"Budowa trasy Górna na odc. Rzgowska – Paradna – etap I 0";54.399.999;0
"Zarz ą d Dróg i Transportu ";850.282.120;808.173.794;42.108.326;"600 Transport i ł ą czno ść ";807.087.653;39.923.463;"60015 Drogi publiczne w miastach na prawach powiatu (w ";805.987.653;32.575.492;2111272;"Przebudowa układu drogowego wokół MultimodalnegoDworca Łód 0 ź - Fabryczna";5.000.000;0
"Zarz ą d Dróg i Transportu ";850.282.120;808.173.794;42.108.326;"600 Transport i ł ą czno ść ";807.087.653;39.923.463;"60015 Drogi publiczne w miastach na prawach powiatu (w ";805.987.653;32.575.492;2111282;"Rozbudowa i modernizacja trasy tramwaju w relacji Wschód-Zachód (Retkinia-Olechów) wraz z systemem zasilania orazsystemem obszarowego sterowania ruchem 0";302.210.828;0
"Zarz ą d Dróg i Transportu ";850.282.120;808.173.794;42.108.326;"600 Transport i ł ą czno ść ";807.087.653;39.923.463;"60015 Drogi publiczne w miastach na prawach powiatu (w ";805.987.653;32.575.492;2111382;"Przebudowa ul. Kili ń skiego na odc. od ul. Narutowicza do 0 projektowanej ul. Ś l ą skiej - I etap (rejon ul. Piłsudskiego)";1.535.000;0
"Zarz ą d Dróg i Transportu ";850.282.120;808.173.794;42.108.326;"600 Transport i ł ą czno ść ";807.087.653;39.923.463;"60015 Drogi publiczne w miastach na prawach powiatu (w ";805.987.653;32.575.492;2111432;"Dokumentacja dotycz ą ca dróg stanowi ą cych dojazdy do 0 w ę złów na S 14";675.000;0
"Zarz ą d Dróg i Transportu ";850.282.120;808.173.794;42.108.326;"600 Transport i ł ą czno ść ";807.087.653;39.923.463;"60015 Drogi publiczne w miastach na prawach powiatu (w ";805.987.653;32.575.492;2129572;"Przebudowa układu drogowego wokół stadionu Łód ź Widzew 0";500.000;0
"Zarz ą d Dróg i Transportu ";850.282.120;808.173.794;42.108.326;"600 Transport i ł ą czno ść ";807.087.653;39.923.463;"60015 Drogi publiczne w miastach na prawach powiatu (w ";805.987.653;32.575.492;2129652;"W ę zeł Multimodalny przy Dworcu Łód ź - Fabryczna 0";208.118.482;0
"Zarz ą d Dróg i Transportu ";850.282.120;808.173.794;42.108.326;"600 Transport i ł ą czno ść ";807.087.653;39.923.463;"60015 Drogi publiczne w miastach na prawach powiatu (w ";805.987.653;32.575.492;2129662;"Program Nowe Centrum Łodzi-przebudowa infrastrukturywokół Dworca Łód 0 ź - Fabryczna";12.000.000;0
"Zarz ą d Dróg i Transportu ";850.282.120;808.173.794;42.108.326;"600 Transport i ł ą czno ść ";807.087.653;39.923.463;"60015 Drogi publiczne w miastach na prawach powiatu (w ";805.987.653;32.575.492;2129822;"Strategia rozwoju ul. Piotrkowskiej - przebudowa ul.Piotrkowskiej na odc. Al. Mickiewicza/Al. Piłsudskiego - PlacWolno 0 ś ci";30.520.000;0
"Zarz ą d Dróg i Transportu ";850.282.120;808.173.794;42.108.326;"600 Transport i ł ą czno ść ";807.087.653;39.923.463;"60015 Drogi publiczne w miastach na prawach powiatu (w ";805.987.653;32.575.492;2163052;"Rozbudowa ul. Ustronnej wraz z ul. Siostrzan ą 0";8.000.000;0
"Zarz ą d Dróg i Transportu ";850.282.120;808.173.794;42.108.326;"600 Transport i ł ą czno ść ";807.087.653;39.923.463;"60015 Drogi publiczne w miastach na prawach powiatu (w ";805.987.653;32.575.492;2163312;"Rozbudowa ul. Inflanckiej 0";31.550.000;0
"Zarz ą d Dróg i Transportu ";850.282.120;808.173.794;42.108.326;"600 Transport i ł ą czno ść ";807.087.653;39.923.463;"60015 Drogi publiczne w miastach na prawach powiatu (w ";805.987.653;32.575.492;2163492;"Dokumentacja na budow ę dróg - ekspertyzy, opinie i inne 0 opłaty";0;300.000
"Zarz ą d Dróg i Transportu ";850.282.120;808.173.794;42.108.326;"600 Transport i ł ą czno ść ";807.087.653;39.923.463;"60015 Drogi publiczne w miastach na prawach powiatu (w ";805.987.653;32.575.492;2163502;"Opłaty zwi ą zane z dokumentacj ą porealizacyjn ą oraz 0 rozliczeniami maj ą tkowymi z tytułu realizowanych inwestycji przez miasto";0;200.000
"Zarz ą d Dróg i Transportu ";850.282.120;808.173.794;42.108.326;"600 Transport i ł ą czno ść ";807.087.653;39.923.463;"60015 Drogi publiczne w miastach na prawach powiatu (w ";805.987.653;32.575.492;2163512;"Modernizacja ul. Armii Krajowej wraz z infrastruktur ą 0 towarzyszac ą na odcinku od ul. Kusoci ń skiego do ul. Marato ń skiej";0;2.800.000
"Zarz ą d Dróg i Transportu ";850.282.120;808.173.794;42.108.326;"600 Transport i ł ą czno ść ";807.087.653;39.923.463;"60015 Drogi publiczne w miastach na prawach powiatu (w ";805.987.653;32.575.492;2163542;"Przebudowa ulic po inwestycjach współfinansowanychprzez ISPA 0 ";0;20.000.000
"Zarz ą d Dróg i Transportu ";850.282.120;808.173.794;42.108.326;"600 Transport i ł ą czno ść ";807.087.653;39.923.463;"60015 Drogi publiczne w miastach na prawach powiatu (w ";805.987.653;32.575.492;2163572;"Budowa akomodowanych sygnalizacji ś wietlnych na terenie 0 miasta Łodzi wraz z niezb ę dn ą korekt ą układu drogowego - przej ś cie dla pieszych przy ul. Pomorskiej 437 - algorytm i konkurs";0;245.000
"Zarz ą d Dróg i Transportu ";850.282.120;808.173.794;42.108.326;"600 Transport i ł ą czno ść ";807.087.653;39.923.463;"60015 Drogi publiczne w miastach na prawach powiatu (w ";805.987.653;32.575.492;2163652;"Przebudowa ul. Ś wi ę tej Teresy od Dzieci ą tka Jezus na 0 odcinku od ul. Traktorowej do ul. Szczec ń skiej";1.000.000;0
"Zarz ą d Dróg i Transportu ";850.282.120;808.173.794;42.108.326;"600 Transport i ł ą czno ść ";807.087.653;39.923.463;"60015 Drogi publiczne w miastach na prawach powiatu (w ";805.987.653;32.575.492;2163702;"Opracowanie planu transportowego dla miasta Łodzi 0 ";0;800.000
"Zarz ą d Dróg i Transportu ";850.282.120;808.173.794;42.108.326;"600 Transport i ł ą czno ść ";807.087.653;39.923.463;"60015 Drogi publiczne w miastach na prawach powiatu (w ";805.987.653;32.575.492;2163752;"Opracowanie dokumentacji projektowej i budowa sygnalizacji 0 ś wietlnej ul. Przybyszewskiego-Krucza- algorytm";0;144.968
"Zarz ą d Dróg i Transportu ";850.282.120;808.173.794;42.108.326;"600 Transport i ł ą czno ść ";807.087.653;39.923.463;"60015 Drogi publiczne w miastach na prawach powiatu (w ";805.987.653;32.575.492;2163762;"Tablica Informacyjna Systemu Informacji Miejskiej w lokalizacjiPopiełuszki/Ły 0 Ŝ wiarska - algorytm";0;5.237
"Zarz ą d Dróg i Transportu ";850.282.120;808.173.794;42.108.326;"600 Transport i ł ą czno ść ";807.087.653;39.923.463;"60015 Drogi publiczne w miastach na prawach powiatu (w ";805.987.653;32.575.492;2163772;"Dokumentacja projektowa i budowa chodnika pomi ę dzy ul. 0 Trójskok a ul. Waltera Janke - algorytm";0;49.287
"Zarz ą d Dróg i Transportu ";850.282.120;808.173.794;42.108.326;"600 Transport i ł ą czno ść ";807.087.653;39.923.463;"60015 Drogi publiczne w miastach na prawach powiatu (w ";805.987.653;32.575.492;2163792;"Dokumentacja projektowa na budow ę chodnika w ul. Złotno - 0 algorytm";0;50.000
"Zarz ą d Dróg i Transportu ";850.282.120;808.173.794;42.108.326;"600 Transport i ł ą czno ść ";807.087.653;39.923.463;"60015 Drogi publiczne w miastach na prawach powiatu (w ";805.987.653;32.575.492;2163822;"Program modernizacji infrastruktury tramwajowej - Faza III 0";28.735.344;0
"Zarz ą d Dróg i Transportu ";850.282.120;808.173.794;42.108.326;"600 Transport i ł ą czno ść ";807.087.653;39.923.463;"60015 Drogi publiczne w miastach na prawach powiatu (w ";805.987.653;32.575.492;2163852;"Modernizacja ul. 6 Sierpnia mi ę dzy al. Ko ś ciuszki a ul. 0 Piotrkowsk ą , tj. przekształcenie jej w tzw. woonerf, czyli ulic ę - podwórzec na wzór ulic w Holandii, Skandynawii iNiemczech - bud Ŝ et obywatelski";0;1.400.000
"Zarz ą d Dróg i Transportu ";850.282.120;808.173.794;42.108.326;"600 Transport i ł ą czno ść ";807.087.653;39.923.463;"60015 Drogi publiczne w miastach na prawach powiatu (w ";805.987.653;32.575.492;2163892;"Remont ul. Li ś ciastej od ul. Zgierskiej do al. Włókniarzy 0 ";0;1.100.000
"Zarz ą d Dróg i Transportu ";850.282.120;808.173.794;42.108.326;"600 Transport i ł ą czno ść ";807.087.653;39.923.463;"60015 Drogi publiczne w miastach na prawach powiatu (w ";805.987.653;32.575.492;2163902;"Poszerzenie drogi z budow ą parkingu przy ul. Gandhiego 0 18/21";0;200.000
"Zarz ą d Dróg i Transportu ";850.282.120;808.173.794;42.108.326;"600 Transport i ł ą czno ść ";807.087.653;39.923.463;"60015 Drogi publiczne w miastach na prawach powiatu (w ";805.987.653;32.575.492;2163912;"Budowa chodnika na ul. Lodowej na odcinku od nr 88 do nr 0 180.000";94;0
"Zarz ą d Dróg i Transportu ";850.282.120;808.173.794;42.108.326;"600 Transport i ł ą czno ść ";807.087.653;39.923.463;"60015 Drogi publiczne w miastach na prawach powiatu (w ";805.987.653;32.575.492;2163922;"Wymiana chodnika przy ul. Organizacji WiN na odcinku od ul.Łagiewnickiej do ul. Franciszka 0 ń skiej po stronie południowej";0;75.000
"Zarz ą d Dróg i Transportu ";850.282.120;808.173.794;42.108.326;"600 Transport i ł ą czno ść ";807.087.653;39.923.463;"60015 Drogi publiczne w miastach na prawach powiatu (w ";805.987.653;32.575.492;2163932;"Przebudowa chodnika na półncnej pierzei ul. Narutowicza naodcinku od ul. Piotkowskiej do numeru 0 600.000";24;0
"Zarz ą d Dróg i Transportu ";850.282.120;808.173.794;42.108.326;"600 Transport i ł ą czno ść ";807.087.653;39.923.463;"60015 Drogi publiczne w miastach na prawach powiatu (w ";805.987.653;32.575.492;2163942;"Budowa chodnika przy ul. Milionowej na odcinku od ul. Ha ś ka 0 do ul. Lodowej";0;300.000
"Zarz ą d Dróg i Transportu ";850.282.120;808.173.794;42.108.326;"600 Transport i ł ą czno ść ";807.087.653;39.923.463;"60015 Drogi publiczne w miastach na prawach powiatu (w ";805.987.653;32.575.492;2163952;"Bezpieczne przej ś cie dla pieszych, ul. Bednarska na 0 wysoko ś ci ul. Unickiej i ul. Dygasi ń skiego";0;560.000
"Zarz ą d Dróg i Transportu ";850.282.120;808.173.794;42.108.326;"600 Transport i ł ą czno ść ";807.087.653;39.923.463;"60015 Drogi publiczne w miastach na prawach powiatu (w ";805.987.653;32.575.492;2163962;"Modernizacja ul. Jugosłowia ń skiej 0 ";0;1.000.000
"Zarz ą d Dróg i Transportu ";850.282.120;808.173.794;42.108.326;"600 Transport i ł ą czno ść ";807.087.653;39.923.463;"60015 Drogi publiczne w miastach na prawach powiatu (w ";805.987.653;32.575.492;2163972;"Budowa syganlizacji ś wietlnej - ul. Brzezi ń ska na wysoko ś ci 0 ul. Hiacyntowej i ul. Tatarkiewicza";0;761.000
"Zarz ą d Dróg i Transportu ";850.282.120;808.173.794;42.108.326;"600 Transport i ł ą czno ść ";807.087.653;39.923.463;"60015 Drogi publiczne w miastach na prawach powiatu (w ";805.987.653;32.575.492;2163982;"Niwelacja kraw ęŜ ników na drogach rowerowych 0 ";0;105.000
"Zarz ą d Dróg i Transportu ";850.282.120;808.173.794;42.108.326;"600 Transport i ł ą czno ść ";807.087.653;39.923.463;"60015 Drogi publiczne w miastach na prawach powiatu (w ";805.987.653;32.575.492;2163992;"Budowa chodnika wzdłu Ŝ ul. Kolumny 0 ";0;1.500.000
"Zarz ą d Dróg i Transportu ";850.282.120;808.173.794;42.108.326;"600 Transport i ł ą czno ść ";807.087.653;39.923.463;"60015 Drogi publiczne w miastach na prawach powiatu (w ";805.987.653;32.575.492;2164002;"Przygotowanie dokumentacji budowy ul. Olechowskiej naodcinku od Zakładowej do ul. Tomaszewskiej 0 ";0;200.000
"Zarz ą d Dróg i Transportu ";850.282.120;808.173.794;42.108.326;"600 Transport i ł ą czno ść ";807.087.653;39.923.463;"60016 Drogi publiczne gminne ";1.100.000;5.283.741;2163781;"Przebudowa ul. Romanowskiej 0";1.000.000;0
"Zarz ą d Dróg i Transportu ";850.282.120;808.173.794;42.108.326;"600 Transport i ł ą czno ść ";807.087.653;39.923.463;"60016 Drogi publiczne gminne ";1.100.000;5.283.741;2163791;"Poło Ŝ enie garbów spowalniaj ą cych na ulicy Sucharskiego 3 i 0 ul. Sucharskiego 2";0;10.000
"Zarz ą d Dróg i Transportu ";850.282.120;808.173.794;42.108.326;"600 Transport i ł ą czno ść ";807.087.653;39.923.463;"60016 Drogi publiczne gminne ";1.100.000;5.283.741;2163811;"Przebudowa ul. Ziołowej - etap I - agorytm i konkurs 0 ";0;1.095.000
"Zarz ą d Dróg i Transportu ";850.282.120;808.173.794;42.108.326;"600 Transport i ł ą czno ść ";807.087.653;39.923.463;"60016 Drogi publiczne gminne ";1.100.000;5.283.741;2163821;"Budowa chodnika w ul. Gimnastycznej - konkurs 0 ";0;900.000
"Zarz ą d Dróg i Transportu ";850.282.120;808.173.794;42.108.326;"600 Transport i ł ą czno ść ";807.087.653;39.923.463;"60016 Drogi publiczne gminne ";1.100.000;5.283.741;2163931;"Opracowanie dokumentacji projektowej na przebudow ę ul. 0 Podchor ąŜ ych na odcinku od rzeki Jasieniec do ul. Legnickiej";100.000;0
"Zarz ą d Dróg i Transportu ";850.282.120;808.173.794;42.108.326;"600 Transport i ł ą czno ść ";807.087.653;39.923.463;"60016 Drogi publiczne gminne ";1.100.000;5.283.741;2187181;"Dokumentacja projektowa na budow ę ul. Szarotki - algorytm 0 ";0;50.000
"Zarz ą d Dróg i Transportu ";850.282.120;808.173.794;42.108.326;"600 Transport i ł ą czno ść ";807.087.653;39.923.463;"60016 Drogi publiczne gminne ";1.100.000;5.283.741;2187251;"Budowa miejsc postojowych na ul. Gandhiego 15-21 -algorytm 0 ";0;30.000
"Zarz ą d Dróg i Transportu ";850.282.120;808.173.794;42.108.326;"600 Transport i ł ą czno ść ";807.087.653;39.923.463;"60016 Drogi publiczne gminne ";1.100.000;5.283.741;2187261;"Budowa chodnika w ul. Kolarskiej - algorytm 0 ";0;43.000
"Zarz ą d Dróg i Transportu ";850.282.120;808.173.794;42.108.326;"600 Transport i ł ą czno ść ";807.087.653;39.923.463;"60016 Drogi publiczne gminne ";1.100.000;5.283.741;2187331;"Koziny na rowery czyli mini parking rowerowy dla „Sze ś ciu 0 Wie Ŝ "" - bud Ŝ et obywatelski";0;6.741
"Zarz ą d Dróg i Transportu ";850.282.120;808.173.794;42.108.326;"600 Transport i ł ą czno ść ";807.087.653;39.923.463;"60016 Drogi publiczne gminne ";1.100.000;5.283.741;2187371;"Modernizacja ul. Młynarskiej od ul. Zofii do ul. Pasterskiej wrazz dobudow 0 ą i modernizacj ą chodników oraz zagospodarowaniem cz ęś ci działki przedszkolnej";0;200.000
"Zarz ą d Dróg i Transportu ";850.282.120;808.173.794;42.108.326;"600 Transport i ł ą czno ść ";807.087.653;39.923.463;"60016 Drogi publiczne gminne ";1.100.000;5.283.741;2187381;"Budowa i modernizacja chodników wokół SzkołyPodstawowej nr 199 przy ul. Elsnera 0 200.000";8;0
"Zarz ą d Dróg i Transportu ";850.282.120;808.173.794;42.108.326;"600 Transport i ł ą czno ść ";807.087.653;39.923.463;"60016 Drogi publiczne gminne ";1.100.000;5.283.741;2187391;"Zagospodarowanie terenu przed blokiem 447 i 448 przy ul.Adwentowicza 6 i ul. Adwentowicza 8 wraz z budow 0 ą miejsc parkingowych";0;337.000
"Zarz ą d Dróg i Transportu ";850.282.120;808.173.794;42.108.326;"600 Transport i ł ą czno ść ";807.087.653;39.923.463;"60016 Drogi publiczne gminne ";1.100.000;5.283.741;2187421;"Przebudowa ul. Kujawskiej 0 ";0;1.300.000
"Zarz ą d Dróg i Transportu ";850.282.120;808.173.794;42.108.326;"600 Transport i ł ą czno ść ";807.087.653;39.923.463;"60016 Drogi publiczne gminne ";1.100.000;5.283.741;2192911;"Wykonanie zatoki parkingowej w ul. Długosza 0 ";0;152.000
"Zarz ą d Dróg i Transportu ";850.282.120;808.173.794;42.108.326;"600 Transport i ł ą czno ść ";807.087.653;39.923.463;"60016 Drogi publiczne gminne ";1.100.000;5.283.741;2192931;"Budowa ul. Poniatowskiego 0 ";0;960.000
"Zarz ą d Dróg i Transportu ";850.282.120;808.173.794;42.108.326;"600 Transport i ł ą czno ść ";807.087.653;39.923.463;"60017 Drogi wewn ę trzne 0 ";0;2.064.230;2163871;"Budowa poł ą czenia ul. Nurta - Kaszy ń skiego z ul. 0 Przybyszewskiego - drogi dojazdowej do osiedlamieszkaniowego";0;500.000
"Zarz ą d Dróg i Transportu ";850.282.120;808.173.794;42.108.326;"600 Transport i ł ą czno ść ";807.087.653;39.923.463;"60017 Drogi wewn ę trzne 0 ";0;2.064.230;2187351;"Remont drogi dojazdowej do ul. Puszkina z ul. ks. Wujaka-remont parkingów, remont chodników, zmiana organizacjiruchu, wyniesione przej 0 ś cie dla pieszych - bud Ŝ et obywatelski";0;165.000
"Zarz ą d Dróg i Transportu ";850.282.120;808.173.794;42.108.326;"600 Transport i ł ą czno ść ";807.087.653;39.923.463;"60017 Drogi wewn ę trzne 0 ";0;2.064.230;2187401;"Wykonanie nawierzchni asfaltowej na ul Tołstoja 0 ";0;350.000
"Zarz ą d Dróg i Transportu ";850.282.120;808.173.794;42.108.326;"600 Transport i ł ą czno ść ";807.087.653;39.923.463;"60017 Drogi wewn ę trzne 0 ";0;2.064.230;2192901;"Przygotowanie dokumentacji projektowej oraz wykonaniechodnika wzdłu 0 Ŝ ul. Grabie ń skiej";0;950.000
"Zarz ą d Dróg i Transportu ";850.282.120;808.173.794;42.108.326;"600 Transport i ł ą czno ść ";807.087.653;39.923.463;"60017 Drogi wewn ę trzne 0 ";0;2.064.230;2192921;"Wykonanie projektu przedłu Ŝ enia ul. P. Ponurego do ul. 0 Przybyszewskiego";0;60.000
"Zarz ą d Dróg i Transportu ";850.282.120;808.173.794;42.108.326;"600 Transport i ł ą czno ść ";807.087.653;39.923.463;"60017 Drogi wewn ę trzne 0 ";0;2.064.230;2192941;"Ustawienie separatorów oraz ustawienie stojakówrowerowych w okolicy SP nr 0 39.230";162;0
"Zarz ą d Dróg i Transportu ";850.282.120;808.173.794;42.108.326;"900 Gospodarka komunalna i ochrona rodowiska ś ";1.086.141;2.184.863;"90015 O ś wietlenie ulic, placów i dróg ";1.086.141;1.874.863;2163592;"Budowa sygnalizacji ś wietlnej Strykowska - Jarowa 0 ";0;200.000
"Zarz ą d Dróg i Transportu ";850.282.120;808.173.794;42.108.326;"900 Gospodarka komunalna i ochrona rodowiska ś ";1.086.141;2.184.863;"90015 O ś wietlenie ulic, placów i dróg ";1.086.141;1.874.863;2163891;"Budowa o ś wietlenia ulic: ul. Niemena, ul. Braci Masłochów i 0 ul. Flandryjskiej - konkurs";0;400.000
"Zarz ą d Dróg i Transportu ";850.282.120;808.173.794;42.108.326;"900 Gospodarka komunalna i ochrona rodowiska ś ";1.086.141;2.184.863;"90015 O ś wietlenie ulic, placów i dróg ";1.086.141;1.874.863;2187141;"Modernizacja o ś wietlenia - SOWA 0";1.086.141;0
"Zarz ą d Dróg i Transportu ";850.282.120;808.173.794;42.108.326;"900 Gospodarka komunalna i ochrona rodowiska ś ";1.086.141;2.184.863;"90015 O ś wietlenie ulic, placów i dróg ";1.086.141;1.874.863;2187191;"Budowa o ś wietlenia ul. Podle ś ne j - algorytm 0 ";0;26.985
"Zarz ą d Dróg i Transportu ";850.282.120;808.173.794;42.108.326;"900 Gospodarka komunalna i ochrona rodowiska ś ";1.086.141;2.184.863;"90015 O ś wietlenie ulic, placów i dróg ";1.086.141;1.874.863;2187201;"Budowa o ś wietlenia ul. Szuwarowej - algorytm 0 ";0;19.170
"Zarz ą d Dróg i Transportu ";850.282.120;808.173.794;42.108.326;"900 Gospodarka komunalna i ochrona rodowiska ś ";1.086.141;2.184.863;"90015 O ś wietlenie ulic, placów i dróg ";1.086.141;1.874.863;2187211;"Budowa o ś wietlenia ul. Tczewskiej na odc. od ul. 0 Ciechoci ń skiej do ul. Ku ź niczej- algorytm";0;58.329
"Zarz ą d Dróg i Transportu ";850.282.120;808.173.794;42.108.326;"900 Gospodarka komunalna i ochrona rodowiska ś ";1.086.141;2.184.863;"90015 O ś wietlenie ulic, placów i dróg ";1.086.141;1.874.863;2187221;"Budowa o ś wietlenia ul. Taterniczej - algorytm 0 ";0;29.379
"Zarz ą d Dróg i Transportu ";850.282.120;808.173.794;42.108.326;"900 Gospodarka komunalna i ochrona rodowiska ś ";1.086.141;2.184.863;"90015 O ś wietlenie ulic, placów i dróg ";1.086.141;1.874.863;2187231;"Aktualizacja dokumentacji projektowej na budow ę o ś wietlenia 0 ul. Zamiejskiej - algorytm";0;15.000
"Zarz ą d Dróg i Transportu ";850.282.120;808.173.794;42.108.326;"900 Gospodarka komunalna i ochrona rodowiska ś ";1.086.141;2.184.863;"90015 O ś wietlenie ulic, placów i dróg ";1.086.141;1.874.863;2187241;"Dokumentacja projektowa na budow ę o ś wietlenia w ul. 0 Lewarowej - algorytm";0;26.000
"Zarz ą d Dróg i Transportu ";850.282.120;808.173.794;42.108.326;"900 Gospodarka komunalna i ochrona rodowiska ś ";1.086.141;2.184.863;"90015 O ś wietlenie ulic, placów i dróg ";1.086.141;1.874.863;2187411;"Aktualizacja projektu i budowa o ś wietlenia w ul. Malowniczej 0 na odcinku od ul. Rokici ń skiej do ul. Wi ą czy ń skiej";0;1.100.000
"Zarz ą d Dróg i Transportu ";850.282.120;808.173.794;42.108.326;"900 Gospodarka komunalna i ochrona rodowiska ś ";1.086.141;2.184.863;"90095 Pozostała działalno ść 0 ";0;310.000;2187321;"Zakup oraz monta Ŝ elektronicznych tablic informuj ą cych o 0 czasie przyjazdu tramwajów - bud Ŝ et obywatelski";0;310.000
"Zarz d Nowego Centrum Łodzi ą";3.797.000;1.597.000;2.200.000;"710 Działalno ść usługowa ";1.597.000;2.200.000;"71095 Pozostała działalno ść ";1.597.000;2.200.000;2182731;"Specjalna Strefa Kultury - prace przygotowawcze idokumentacyjne 0";1.197.000;0
"Zarz d Nowego Centrum Łodzi ą";3.797.000;1.597.000;2.200.000;"710 Działalno ść usługowa ";1.597.000;2.200.000;"71095 Pozostała działalno ść ";1.597.000;2.200.000;2182751;"Opracowanie koncepcji realizacyjnej systemu monitoringu,bezpiecze 0 ń stwa oraz platformy wdra Ŝ ania usług typu ""inteligent city"" dla obszaru Nowego Centrum Łodzi";0;400.000
"Zarz d Nowego Centrum Łodzi ą";3.797.000;1.597.000;2.200.000;"710 Działalno ść usługowa ";1.597.000;2.200.000;"71095 Pozostała działalno ść ";1.597.000;2.200.000;2187941;"Zakup, instalacja i wdo Ŝ enie Systemu Prowadzenia Projektów 0 i Koordynacji Działa ń w obszarze NCŁ (Program Nowe Centrum Łodzi)";400.000;0
"Zarz d Nowego Centrum Łodzi ą";3.797.000;1.597.000;2.200.000;"710 Działalno ść usługowa ";1.597.000;2.200.000;"71095 Pozostała działalno ść ";1.597.000;2.200.000;2187951;"Rewitalizacja ul. Moniuszki (pasa Ŝ u Meyera) - Etap I - prace 0 przygotowawcze";0;800.000
"Zarz d Nowego Centrum Łodzi ą";3.797.000;1.597.000;2.200.000;"710 Działalno ść usługowa ";1.597.000;2.200.000;"71095 Pozostała działalno ść ";1.597.000;2.200.000;2187961;"Makieta Nowego Centrum Łodzi 0 ";0;100.000
"Zarz d Nowego Centrum Łodzi ą";3.797.000;1.597.000;2.200.000;"710 Działalno ść usługowa ";1.597.000;2.200.000;"71095 Pozostała działalno ść ";1.597.000;2.200.000;2187971;"Master Plan dla realizacji Programu Nowe Centrum Łodzi 0 ";0;900.000
"Zarz ą d Zieleni Miejskiej ";6.864.879;2.323.540;4.541.339;"900 Gospodarka komunalna i ochrona ś rodowiska ";1.823.540;4.391.339;"90004 Utrzymanie zieleni w miastach i gminach ";1.823.540;4.391.339;2181281;"Renowacja stawów w Parku Helenów 0";460.000;0
"Zarz ą d Zieleni Miejskiej ";6.864.879;2.323.540;4.541.339;"900 Gospodarka komunalna i ochrona ś rodowiska ";1.823.540;4.391.339;"90004 Utrzymanie zieleni w miastach i gminach ";1.823.540;4.391.339;2181411;"Rewaloryzacja Parku Ź ródliska I w Łodzi 0";793.540;0
"Zarz ą d Zieleni Miejskiej ";6.864.879;2.323.540;4.541.339;"900 Gospodarka komunalna i ochrona ś rodowiska ";1.823.540;4.391.339;"90004 Utrzymanie zieleni w miastach i gminach ";1.823.540;4.391.339;2181461;"Rewitalizacja Parku im. Wł. Reymonta 0";570.000;0
"Zarz ą d Zieleni Miejskiej ";6.864.879;2.323.540;4.541.339;"900 Gospodarka komunalna i ochrona ś rodowiska ";1.823.540;4.391.339;"90004 Utrzymanie zieleni w miastach i gminach ";1.823.540;4.391.339;2191241;"Prace wst ę pne w zakresie urz ą dzenia Parku Le ś nego im. 0 Armii Łód ź w rejonie ul. Zagonowej i ul. Kujawskiej w Łodzi - algorytm";0;28.908
"Zarz ą d Zieleni Miejskiej ";6.864.879;2.323.540;4.541.339;"900 Gospodarka komunalna i ochrona ś rodowiska ";1.823.540;4.391.339;"90004 Utrzymanie zieleni w miastach i gminach ";1.823.540;4.391.339;2191251;"Wykonanie alejki z kostki brukowej w Parku Jana Kili ń skiego w 0 Łodzi - algorytm";0;51.571
"Zarz ą d Zieleni Miejskiej ";6.864.879;2.323.540;4.541.339;"900 Gospodarka komunalna i ochrona ś rodowiska ";1.823.540;4.391.339;"90004 Utrzymanie zieleni w miastach i gminach ";1.823.540;4.391.339;2191261;"II etap budowy siłowni na ś wie Ŝ ym powietrzu w Parku im. A. 0 Mickiewicza - algorytm";0;25.000
"Zarz ą d Zieleni Miejskiej ";6.864.879;2.323.540;4.541.339;"900 Gospodarka komunalna i ochrona ś rodowiska ";1.823.540;4.391.339;"90004 Utrzymanie zieleni w miastach i gminach ";1.823.540;4.391.339;2191271;"Rewitalizacja boiska przy ul. Pszczelej i Jaskółczej - algorytm 0 ";0;45.860
"Zarz ą d Zieleni Miejskiej ";6.864.879;2.323.540;4.541.339;"900 Gospodarka komunalna i ochrona ś rodowiska ";1.823.540;4.391.339;"90004 Utrzymanie zieleni w miastach i gminach ";1.823.540;4.391.339;2191281;"Wykonanie instalacji o ś wietlenia ziele ń ca przy ul. Wile ń skiej 0 57 - algorytm i konkurs";0;60.000
"Zarz ą d Zieleni Miejskiej ";6.864.879;2.323.540;4.541.339;"900 Gospodarka komunalna i ochrona ś rodowiska ";1.823.540;4.391.339;"90004 Utrzymanie zieleni w miastach i gminach ";1.823.540;4.391.339;2191291;"Zagospodarowanie cz ęś ci nieruchomo ś ci poło Ŝ onej przy ul. 0 Łososiowej 21 z przeznaczeniem na tereny zielono -rekreacyjne - konkurs";0;500.000
"Zarz ą d Zieleni Miejskiej ";6.864.879;2.323.540;4.541.339;"900 Gospodarka komunalna i ochrona ś rodowiska ";1.823.540;4.391.339;"90004 Utrzymanie zieleni w miastach i gminach ";1.823.540;4.391.339;2191301;"Rewitalizacja parku Podolskiego na osiedlach Zarzew iD 0 ą browa - budowa placu zabaw, dodatkowe nasadzenia i ławki";0;500.000
"Zarz ą d Zieleni Miejskiej ";6.864.879;2.323.540;4.541.339;"900 Gospodarka komunalna i ochrona ś rodowiska ";1.823.540;4.391.339;"90004 Utrzymanie zieleni w miastach i gminach ";1.823.540;4.391.339;2191371;"Wykonanie nawierzchni do gier zespołowych (koszykowka,piłka r 0 ę czna i no Ŝ na) na istniej ą cym klepisku z dwoma koszami w parku im. A. Mickiewicza";0;100.000
"Zarz ą d Zieleni Miejskiej ";6.864.879;2.323.540;4.541.339;"900 Gospodarka komunalna i ochrona ś rodowiska ";1.823.540;4.391.339;"90004 Utrzymanie zieleni w miastach i gminach ";1.823.540;4.391.339;2191381;"Modernizacja ci ą gów pieszych w parku im. A. Struga przy ul. 0 S ę dziowskiej";0;280.000
"Zarz ą d Zieleni Miejskiej ";6.864.879;2.323.540;4.541.339;"900 Gospodarka komunalna i ochrona ś rodowiska ";1.823.540;4.391.339;"90004 Utrzymanie zieleni w miastach i gminach ";1.823.540;4.391.339;2191601;"Rewitalizacja parku S. ś eromskiego - bud Ŝ et obywatelski 0 ";0;935.000
"Zarz ą d Zieleni Miejskiej ";6.864.879;2.323.540;4.541.339;"900 Gospodarka komunalna i ochrona ś rodowiska ";1.823.540;4.391.339;"90004 Utrzymanie zieleni w miastach i gminach ";1.823.540;4.391.339;2191691;"Rewitalizacja Parku im. Mickiewicza (Julianowskiego) - bud Ŝ et 0 obywatelski";0;750.000
"Zarz ą d Zieleni Miejskiej ";6.864.879;2.323.540;4.541.339;"900 Gospodarka komunalna i ochrona ś rodowiska ";1.823.540;4.391.339;"90004 Utrzymanie zieleni w miastach i gminach ";1.823.540;4.391.339;2191701;"Budowa o ś wietlenia w Parku na Zdrowiu - bud Ŝ et 0 obywatelski";0;930.000
"Zarz ą d Zieleni Miejskiej ";6.864.879;2.323.540;4.541.339;"900 Gospodarka komunalna i ochrona ś rodowiska ";1.823.540;4.391.339;"90004 Utrzymanie zieleni w miastach i gminach ";1.823.540;4.391.339;2191711;"Budowa placu zabaw w pasa Ŝ u Rubinsteina - bud Ŝ et 0 obywatelski";0;185.000
"Zarz ą d Zieleni Miejskiej ";6.864.879;2.323.540;4.541.339;"925 Ogrody botaniczne i zoologiczne oraz naturalneobszary i obiekty chronionej przyrody . ";500.000;150.000;"92504 Ogrody botaniczne i zoologiczne ";500.000;150.000;2191491;"Budowa wewn ę trznej instalacji wodoci ą gowej na terenie 0 Ogrodu Botanicznego";0;150.000
"Zarz ą d Zieleni Miejskiej ";6.864.879;2.323.540;4.541.339;"925 Ogrody botaniczne i zoologiczne oraz naturalneobszary i obiekty chronionej przyrody . ";500.000;150.000;"92504 Ogrody botaniczne i zoologiczne ";500.000;150.000;2191531;"Budowa Felidarium - polepszenie warunków bytowychpanter 0 ś nie Ŝ nych i stworzenie ekspozycji nowych gatunków";500.000;0
